Name,Value.type,Value.properties.id,Value.properties.Event,Value.properties.Location,Value.properties.City,Value.properties.Start,Value.properties.End,Value.properties.Advice,Value.properties.Added,Value.geometry.type,Long,Lat,FileDate
,,a0l4a0000004GBs,1841 Bar and Restaurant Johnsonville 17/08/21,"1 Disraeli Street, Johnsonville, Wellington 6037",Wellington,"17/08/2021, 5:00 pm","17/08/2021, 9:15 pm","All staff & downstairs patrons isolate 14 days from last exposure. Test immediately, and on days 5 & 12 after last exposure, and call Healthline. Upstairs patrons self-monitor symptoms for 14 days. If symptomatic, test and stay home until a negative test.",20-Aug,,174.807501,-41.225194,22-Aug
,,a0l4a0000004GUL,Asian Food Specialist Kilbirnie 19/08/2021,"3/7 Mahora Street, Kilbirnie, Wellington 6022",Wellington,"19/08/2021, 4:45 pm","19/08/2021, 6:00 pm","Stay at home, test immediately and on or around day 5 after last exposure and continue to stay at home until you receive a negative day 5 test result. Call Healthline for what to do next.",21-Aug,,174.7969,-41.319,22-Aug
,,a0l4a0000004FPB,Assembly Of God Church of Samoa M?ngere 15/08/2021,"33 Andrew Baxter Drive, M?ngere, Auckland 2022",Auckland,"15/08/2021, 9:00 am","15/08/2021, 3:00 pm","Isolate at home for 14 days from date of last exposure. Test immediately, and on days 5 & 12 after last exposure. Call Healthline for what to do next.",20-Aug,,174.7792,-36.9761,22-Aug
,,a0l4a0000004Ete,Avondale College 12/08/2021,"51 Victor Street, Avondale, Auckland 1026",Auckland,"12/08/2021, 8:45 am","12/08/2021, 3:15 pm","Isolate at home for 14 days from date of last exposure. Test immediately, and on days 5 & 12 after last exposure. Call Healthline for what to do next.",18-Aug,,174.6908,-36.8918,22-Aug
,,a0l4a0000004Ehs,Avondale College 13/08/2021,"51 Victor Street, Avondale, Auckland 1026",Auckland,"13/08/2021, 8:45 am","13/08/2021, 3:15 pm","Isolate at home for 14 days from date of last exposure. Test immediately, and on days 5 & 12 after last exposure. Call Healthline for what to do next.",18-Aug,,174.69079,-36.891758,22-Aug
,,a0l4a0000004Erx,Bar 101 Auckland CBD 13/08/2021,"18 Elliott Street, ,, Auckland CBD, Auckland 1010",Auckland,"13/08/2021, 11:43 pm","14/08/2021, 1:13 am","Isolate at home for 14 days from date of last exposure. Test immediately, and on days 5 & 12 after last exposure. Call Healthline for what to do next.",22-Aug,,174.7642,-36.8497,22-Aug
,,a0l4a0000004Ev6,Bar 101 Auckland CBD 14/08/21,"18 Elliott Street, ,, Auckland CBD, Auckland 1010",Auckland,"14/08/2021, 3:08 am","14/08/2021, 3:30 am","Isolate at home for 14 days from date of last exposure. Test immediately, and on days 5 & 12 after last exposure. Call Healthline for what to do next.",22-Aug,,174.7642,-36.8497,22-Aug
,,a0l4a0000004FP6,Birkenhead Superette & Lotto 15/08/2021,"43 Birkenhead Avenue, Birkenhead, Auckland 0626",Auckland,"15/08/2021, 1:00 pm","15/08/2021, 2:00 pm","Isolate at home for 14 days from date of last exposure. Test immediately, and on days 5 & 12 after last exposure. Call Healthline for what to do next.",20-Aug,,174.726155,-36.811272,22-Aug
,,a0l4a0000004Euw,Black Bull Liquor Store Hillcrest 13/08/2021,"54 Northcote Road,, Northcote, Auckland 0627",Auckland,"13/08/2021, 6:40 pm","13/08/2021, 6:45 pm","Isolate at home for 14 days from date of last exposure. Test immediately, and on days 5 & 12 after last exposure. Call Healthline for what to do next.",18-Aug,,174.7461,-36.7938,22-Aug
,,a0l4a0000004FMg,Blockhouse Bay Christian Kindergarten 09/08/21,"76 Dundale Avenue, Blockhouse Bay, Auckland 0600",Auckland,"9/08/2021, 9:00 am","9/08/2021, 12:00 pm","Isolate at home for 14 days from date of last exposure. Test immediately, and on days 5 & 12 after last exposure. Call Healthline for what to do next.",22-Aug,,174.715311,-36.913125,22-Aug
,,a0l4a0000004FNy,Blockhouse Bay Christian Kindergarten 10/08/21,"76 Dundale Avenue, Blockhouse Bay, Auckland 0600",Auckland,"10/08/2021, 9:00 am","10/08/2021, 3:00 pm","Isolate at home for 14 days from date of last exposure. Test immediately, and on days 5 & 12 after last exposure. Call Healthline for what to do next.",20-Aug,,174.715311,-36.913125,22-Aug
,,a0l4a0000004FNj,Blockhouse Bay Christian Kindergarten 11/08/21,"76 Dundale Avenue, Blockhouse Bay, Auckland 0600",Auckland,"11/08/2021, 9:00 am","11/08/2021, 3:00 pm","Isolate at home for 14 days from date of last exposure. Test immediately, and on days 5 & 12 after last exposure. Call Healthline for what to do next.",22-Aug,,174.715311,-36.913125,22-Aug
,,a0l4a0000004FLs,Blockhouse Bay Christian Kindergarten 13/08/21,"76 Dundale Avenue, Blockhouse Bay, Auckland 0600",Auckland,"13/08/2021, 9:00 am","13/08/2021, 3:00 pm","Isolate at home for 14 days from date of last exposure. Test immediately, and on days 5 & 12 after last exposure. Call Healthline for what to do next.",20-Aug,,174.715311,-36.913125,22-Aug
,,a0l4a0000004FLi,Blockhouse Bay Christian Kindergarten 16/08/21,"76 Dundale Avenue, Blockhouse Bay, Auckland 0600",Auckland,"16/08/2021, 9:00 am","16/08/2021, 12:00 pm","Isolate at home for 14 days from date of last exposure. Test immediately, and on days 5 & 12 after last exposure. Call Healthline for what to do next.",22-Aug,,174.715311,-36.913125,22-Aug
,,a0l4a0000004FLT,Blockhouse Bay Christian Kindergarten 17/08/21,"76 Dundale Avenue, Blockhouse Bay, Auckland 0600",Auckland,"17/08/2021, 9:00 am","17/08/2021, 3:00 pm","Isolate at home for 14 days from date of last exposure. Test immediately, and on days 5 & 12 after last exposure. Call Healthline for what to do next.",20-Aug,,174.715311,-36.913125,22-Aug
,,a0l4a0000004Fva,Blockhouse Bay Community 10/08/2021,"524 Blockhouse Bay Road, Blockhouse Bay, Auckland 0600",Auckland,"10/08/2021, 5:00 pm","10/08/2021, 10:00 pm","Isolate at home for 14 days from date of last exposure. Test immediately, and on days 5 & 12 after last exposure. Call Healthline for what to do next.",22-Aug,,174.70153,-36.922126,22-Aug
,,a0l4a0000004Equ,BP Birkenhead 15/08/2021,"172-178 Mokoia Road, Birkenhead, Auckland 0626",Auckland,"15/08/2021, 10:30 am","15/08/2021, 10:45 am","Isolate at home for 14 days from date of last exposure. Test immediately, and on days 5 & 12 after last exposure. Call Healthline for what to do next.",18-Aug,,174.7125,-36.8108,22-Aug
,,a0l4a0000004ERG,BP Gas Station Coromandel 14/08/21,"50 Tiki Road, Coromandel 3056",Coromandel,"14/08/2021, 9:30 am","14/08/2021, 9:40 am","Isolate at home for 14 days from date of last exposure. Test immediately, and on days 5 & 12 after last exposure. Call Healthline for what to do next.",17-Aug,,175.4976,-36.7606,22-Aug
,,a0l4a0000004Enq,BP Northcote 15/08/2021,"50 Northcote Road, Northcote, Auckland 0627",Auckland,"15/08/2021, 7:15 pm","15/08/2021, 7:30 pm","Isolate at home for 14 days from date of last exposure. Test immediately, and on days 5 & 12 after last exposure. Call Healthline for what to do next.",18-Aug,,174.7464,-36.7935,22-Aug
,,a0l4a0000004F8A,Brews Ponsonby 13/08/21,"250 Ponsonby Road, Ponsonby, Auckland 1011",Auckland,"13/08/2021, 8:00 pm","13/08/2021, 8:15 pm","Isolate at home for 14 days from date of last exposure. Test immediately, and on days 5 & 12 after last exposure. Call Healthline for what to do next.",19-Aug,,174.744534,-36.851426,22-Aug
,,a0l4a0000004Fh9,Britomart Bus Station Auckland Central 15/08/2021,"8-12 Queen Street, Auckland Central, Auckland 1010",Auckland,"15/08/2021, 4:10 pm","15/08/2021, 4:20 pm","Isolate at home for 14 days from date of last exposure. Test immediately, and on days 5 & 12 after last exposure. Call Healthline for what to do next.",22-Aug,,174.7681,-36.8443,22-Aug
,,a0l4a0000004FYS,Bunnings Mt Roskill 16/08/2021,"2 Carr Road, Three Kings, Auckland 1042",Auckland,"16/08/2021, 10:00 am","16/08/2021, 10:30 am","Isolate at home for 14 days from date of last exposure. Test immediately, and on days 5 & 12 after last exposure. Call Healthline for what to do next.",22-Aug,,174.757942,-36.915248,22-Aug
,,a0l4a0000004F5u,Burger King Wairau Park 12/08/21,"22 Link Drive, Wairau Valley, Auckland 0627",Auckland,"12/08/2021, 5:30 pm","12/08/2021, 6:00 pm","Isolate at home for 14 days from date of last exposure. Test immediately, and on days 5 & 12 after last exposure. Call Healthline for what to do next.",19-Aug,,174.737065,-36.763049,22-Aug
,,a0l4a0000004FUf,Bus 129 Don Buck Road Massey to Auckland CBD 13/08/21,Auckland,Auckland,"13/08/2021, 7:50 am","13/08/2021, 8:30 am","Isolate at home for 14 days from date of last exposure. Test immediately, and on days 5 & 12 after last exposure. Call Healthline for what to do next.",20-Aug,,NA,NA,22-Aug
,,a0l4a0000004Ew9,Bus 25B City Centre to Blockhouse Bay 10/08/2021,Auckland,Auckland,"10/08/2021, 2:15 pm","10/08/2021, 2:45 pm","Isolate at home for 14 days from date of last exposure. Test immediately, and on days 5 & 12 after last exposure. Call Healthline for what to do next.",19-Aug,,NA,NA,22-Aug
,,a0l4a0000004EvB,Bus 25B City Centre to Blockhouse Bay 11/08/2021,Auckland,Auckland,"11/08/2021, 2:30 pm","11/08/2021, 3:00 pm","Isolate at home for 14 days from date of last exposure. Test immediately, and on days 5 & 12 after last exposure. Call Healthline for what to do next.",19-Aug,,NA,NA,22-Aug
,,a0l4a0000004Eot,Bus 25B City Centre to Blockhouse Bay 17/08/2021,Auckland,Auckland,"17/08/2021, 1:45 pm","17/08/2021, 2:15 pm","Isolate at home for 14 days from date of last exposure. Test immediately, and on days 5 & 12 after last exposure. Call Healthline for what to do next.",18-Aug,,NA,NA,22-Aug
,,a0l4a0000004G5G,Bus 309X Queen St to Newmarket to M?ngere 13/08/21,Auckland,Auckland,"13/08/2021, 3:30 pm","13/08/2021, 5:00 pm","Isolate at home for 14 days from date of last exposure. Test immediately, and on days 5 & 12 after last exposure. Call Healthline for what to do next.",20-Aug,,NA,NA,22-Aug
,,a0l4a0000004G5V,Bus 309X Queen St to Newmarket to M?ngere 16/08/21,Auckland,Auckland,"16/08/2021, 3:30 pm","16/08/2021, 5:00 pm","Isolate at home for 14 days from date of last exposure. Test immediately, and on days 5 & 12 after last exposure. Call Healthline for what to do next.",20-Aug,,NA,NA,22-Aug
,,a0l4a0000004G5f,Bus 309X Queen St to Newmarket to M?ngere 17/08/21,Auckland,Auckland,"17/08/2021, 3:30 pm","17/08/2021, 5:00 pm","Isolate at home for 14 days from date of last exposure. Test immediately, and on days 5 & 12 after last exposure. Call Healthline for what to do next.",20-Aug,,NA,NA,22-Aug
,,a0l4a0000004G3o,Bus 32 M?ngere Town Centre to Sylvia Park 13/08/21,Auckland,Auckland,"13/08/2021, 9:30 am","13/08/2021, 3:00 pm","Isolate at home for 14 days from date of last exposure. Test immediately, and on days 5 & 12 after last exposure. Call Healthline for what to do next.",22-Aug,,NA,NA,22-Aug
,,a0l4a0000004G4N,Bus 32 M?ngere Town Centre to Sylvia Park 16/08/21,Auckland,Auckland,"16/08/2021, 9:30 am","16/08/2021, 3:00 pm","Isolate at home for 14 days from date of last exposure. Test immediately, and on days 5 & 12 after last exposure. Call Healthline for what to do next.",22-Aug,,NA,NA,22-Aug
,,a0l4a0000004G4h,Bus 32 M?ngere Town Centre to Sylvia Park 17/08/21,Auckland,Auckland,"17/08/2021, 9:30 am","17/08/2021, 3:00 pm","Isolate at home for 14 days from date of last exposure. Test immediately, and on days 5 & 12 after last exposure. Call Healthline for what to do next.",22-Aug,,NA,NA,22-Aug
,,a0l4a0000004G4w,Bus 32 M?ngere Town Centre to Sylvia Park 18/08/21,Auckland,Auckland,"18/08/2021, 9:30 am","18/08/2021, 3:00 pm","Isolate at home for 14 days from date of last exposure. Test immediately, and on days 5 & 12 after last exposure. Call Healthline for what to do next.",22-Aug,,NA,NA,22-Aug
,,a0l4a0000004G6Y,Bus 326 M?ngere to ?t?huhu 13/08/21,Auckland,Auckland,"13/08/2021, 4:30 pm","13/08/2021, 6:00 pm","Isolate at home for 14 days from date of last exposure. Test immediately, and on days 5 & 12 after last exposure. Call Healthline for what to do next.",20-Aug,,NA,NA,22-Aug
,,a0l4a0000004G6s,Bus 326 M?ngere to ?t?huhu 16/08/21,Auckland,Auckland,"16/08/2021, 4:30 pm","16/08/2021, 6:00 pm","Isolate at home for 14 days from date of last exposure. Test immediately, and on days 5 & 12 after last exposure. Call Healthline for what to do next.",20-Aug,,NA,NA,22-Aug
,,a0l4a0000004G72,Bus 326 M?ngere to ?t?huhu 17/08/21,Auckland,Auckland,"17/08/2021, 4:30 pm","17/08/2021, 6:00 pm","Isolate at home for 14 days from date of last exposure. Test immediately, and on days 5 & 12 after last exposure. Call Healthline for what to do next.",20-Aug,,NA,NA,22-Aug
,,a0l4a0000004Fh4,Bus 942 Northcote College to Lake Road 16/08/2021,Auckland,Auckland,"16/08/2021, 3:30 pm","16/08/2021, 3:50 pm","Isolate at home for 14 days from date of last exposure. Test immediately, and on days 5 & 12 after last exposure. Call Healthline for what to do next.",20-Aug,,NA,NA,22-Aug
,,a0l4a0000004Ffx,Bus 95B or 95C Northcote College to Glenfield 17/08/2021,Auckland,Auckland,"17/08/2021, 2:30 pm","17/08/2021, 3:20 pm","Isolate at home for 14 days from date of last exposure. Test immediately, and on days 5 & 12 after last exposure. Call Healthline for what to do next.",22-Aug,,NA,NA,22-Aug
,,a0l4a0000004FhY,Bus 95C Britomart station to Glenfield 15/08/2021,Auckland,Auckland,"15/08/2021, 4:20 pm","15/08/2021, 5:00 pm","Isolate at home for 14 days from date of last exposure. Test immediately, and on days 5 & 12 after last exposure. Call Healthline for what to do next.",20-Aug,,NA,NA,22-Aug
,,a0l4a0000004Eh9,Bus 97B Birkdale to Auckland CBD 10/08/2021,Auckland,Auckland,"10/08/2021, 11:30 am","10/08/2021, 12:00 pm","Isolate at home for 14 days from date of last exposure. Test immediately, and on days 5 & 12 after last exposure. Call Healthline for what to do next.",18-Aug,,NA,NA,22-Aug
,,a0l4a0000004EqL,Central Auckland Church of Christ 15/08/2021,"52 Hepburn Street, Freemans Bay, Auckland 1011",Auckland,"15/08/2021, 10:15 am","15/08/2021, 12:02 pm","Isolate at home for 14 days from date of last exposure. Test immediately, and on days 5 & 12 after last exposure. Call Healthline for what to do next.",22-Aug,,174.751289,-36.853164,22-Aug
,,a0l4a0000004Et0,Chu Thai Eatery 13/08/2021,"244 Ponsonby Road, Ponsonby, Auckland 1011",Auckland,"13/08/2021, 6:30 pm","13/08/2021, 8:00 pm","Isolate at home for 14 days from date of last exposure. Test immediately, and on days 5 & 12 after last exposure. Call Healthline for what to do next.",18-Aug,,174.744965,-36.852816,22-Aug
,,a0l4a0000004Fe1,Church of Christ Mt Roskill 14/08/21,"361 Mount Albert Road, Mount Roskill, Auckland 1041",Auckland,"14/08/2021, 5:30 pm","14/08/2021, 10:00 pm","Isolate at home for 14 days from date of last exposure. Test immediately, and on days 5 & 12 after last exposure. Call Healthline for what to do next.",20-Aug,,174.741252,-36.904487,22-Aug
,,a0l4a0000004FVJ,Church of Christ Mt Roskill 15/08/21,"361 Mount Albert Road, Mount Roskill, Auckland 1041",Auckland,"15/08/2021, 7:00 pm","15/08/2021, 9:00 pm","Isolate at home for 14 days from date of last exposure. Test immediately, and on days 5 & 12 after last exposure. Call Healthline for what to do next.",19-Aug,,174.741252,-36.904487,22-Aug
,,a0l4a0000004FVO,Church of Christ Mt Roskill 15/8/21,"361 Mount Albert Road, Mount Roskill, Auckland 1041",Auckland,"15/08/2021, 11:00 am","15/08/2021, 1:30 pm","Isolate at home for 14 days from date of last exposure. Test immediately, and on days 5 & 12 after last exposure. Call Healthline for what to do next.",18-Aug,,174.741252,-36.904487,22-Aug
,,a0l4a0000004EtP,Countdown Birkenhead 13/08/2021,"Cnr Highbury Pass, Birkenhead, Auckland 0626",Auckland,"13/08/2021, 6:00 pm","13/08/2021, 6:30 pm","Isolate at home for 14 days from date of last exposure. Test immediately, and on days 5 & 12 after last exposure. Call Healthline for what to do next.",18-Aug,,174.725,-36.8113,22-Aug
,,a0l4a0000004En8,Countdown Birkenhead 16/08/2021,"Cnr Highbury Pass & Birkenhead Ave, Birkenhead, Auckland 0626",Auckland,"16/08/2021, 12:30 pm","16/08/2021, 12:45 pm","Isolate at home for 14 days from date of last exposure. Test immediately, and on days 5 & 12 after last exposure. Call Healthline for what to do next.",18-Aug,,174.725,-36.8113,22-Aug
,,a0l4a0000004Eng,Countdown Birkenhead 16/08/2021,"Cnr Highbury Pass & Birkenhead Ave, Birkenhead, Auckland 0626",Auckland,"16/08/2021, 7:00 am","16/08/2021, 7:15 am","Isolate at home for 14 days from date of last exposure. Test immediately, and on days 5 & 12 after last exposure. Call Healthline for what to do next.",18-Aug,,174.725,-36.8113,22-Aug
,,a0l4a0000004Ffi,Countdown Birkenhead 16/08/2021,"71 Mokoia Road, Birkenhead, Auckland 0626",Auckland,"16/08/2021, 8:10 am","16/08/2021, 8:20 am","Isolate at home for 14 days from date of last exposure. Test immediately, and on days 5 & 12 after last exposure. Call Healthline for what to do next.",22-Aug,,174.7248,-36.8113,22-Aug
,,a0l4a0000004F9h,Countdown Botany Downs 17/08/2021,"Cnr Te Irirangi Drive &, Ti Rakau Drive, Botany Downs, Auckland 2023",Auckland,"17/08/2021, 10:20 am","17/08/2021, 10:30 am","Isolate at home for 14 days from date of last exposure. Test immediately, and on days 5 & 12 after last exposure. Call Healthline for what to do next.",19-Aug,,174.9111,-36.9299,22-Aug
,,a0l4a0000004Env,Countdown Glenfield Mall 14/08/2021,"Cnr Bentley Ave &, Glenfield Road, Glenfield,, Auckland 0629",Auckland,"14/08/2021, 5:00 pm","14/08/2021, 5:15 pm","Isolate at home for 14 days from date of last exposure. Test immediately, and on days 5 & 12 after last exposure. Call Healthline for what to do next.",18-Aug,,174.7231,-36.7825,22-Aug
,,a0l4a0000004FZQ,Countdown Glenfield Mall 15/08/2021,"Cnr Glenfield Rd and Downing St, Glenfield, Auckland 0629",Auckland,"15/08/2021, 10:30 am","15/08/2021, 11:15 am","Isolate at home for 14 days from date of last exposure. Test immediately, and on days 5 & 12 after last exposure. Call Healthline for what to do next.",19-Aug,,174.722,-36.7814,22-Aug
,,a0l4a0000004GB4,Countdown Johnsonville Road Wellington 18/08/21,"31 Johnsonville Road, Johnsonville, Wellington 6037",Wellington,"18/08/2021, 4:30 pm","18/08/2021, 5:00 pm","Stay at home, test immediately and on or around day 5 after last exposure and continue to stay at home until you receive a negative day 5 test result. Call Healthline for what to do next.",20-Aug,,174.8073,-41.2228,22-Aug
,,a0l4a0000004FKk,Countdown Lincoln Road Auckland 11/08/2021,"185 Universal Drive, Henderson, Auckland 0610",Auckland,"11/08/2021, 2:56 pm","11/08/2021, 3:30 pm","Isolate at home for 14 days from date of last exposure. Test immediately, and on days 5 & 12 after last exposure. Call Healthline for what to do next.",19-Aug,,174.631185,-36.857031,22-Aug
,,a0l4a0000004EtF,Countdown Lynfield 15/08/2021,"570 Hillsborough Road, Mount Roskill, Auckland 1041",Auckland,"15/08/2021, 8:00 pm","15/08/2021, 8:15 pm","Isolate at home for 14 days from date of last exposure. Test immediately, and on days 5 & 12 after last exposure. Call Healthline for what to do next.",18-Aug,,174.722664,-36.924519,22-Aug
,,a0l4a0000004GTc,Countdown Newtown 20/08/2021,"3 John Street, Mount Cook, Wellington 6021",Wellington,"20/08/2021, 8:05 am","20/08/2021, 9:45 am","Stay at home, test immediately and on or around day 5 after last exposure and continue to stay at home until you receive a negative day 5 test result. Call Healthline for what to do next.",21-Aug,,174.7775,-41.3073,22-Aug
,,a0l4a0000004F3o,Countdown Takapuna 15/08/21,"10 Barrys Point Road, Takapuna, Auckland 0622",Auckland,"15/08/2021, 3:20 pm","15/08/2021, 3:30 pm","Isolate at home for 14 days from date of last exposure. Test immediately, and on days 5 & 12 after last exposure. Call Healthline for what to do next.",19-Aug,,174.765241,-36.791515,22-Aug
,,a0l4a0000004FJN,Coyle Park Point Chevalier Beach 16/08/2021,"Point Chevalier Road, Point Chevalier, Auckland 1022",Auckland,"16/08/2021, 2:00 pm","16/08/2021, 2:45 pm","Isolate at home for 14 days from date of last exposure. Test immediately, and on days 5 & 12 after last exposure. Call Healthline for what to do next.",19-Aug,,174.7026,-36.859,22-Aug
,,a0l4a0000004EUP,Crumb Grey Lynn 12/08/21,"37 Ariki Street, Grey Lynn, Auckland 1021",Auckland,"12/08/2021, 10:00 am","12/08/2021, 10:10 am","Isolate at home for 14 days from date of last exposure. Test immediately, and on days 5 & 12 after last exposure. Call Healthline for what to do next.",17-Aug,,174.74508,-36.862504,22-Aug
,,a0l4a0000004EmE,Dennys Auckland CBD 14/08/2021,"51 Hobson Street, Auckland CBD, Auckland 1010",Auckland,"14/08/2021, 1:00 am","14/08/2021, 1:30 am","Isolate at home for 14 days from date of last exposure. Test immediately, and on days 5 & 12 after last exposure. Call Healthline for what to do next.",22-Aug,,174.7617,-36.8475,22-Aug
,,a0l4a0000004EPP,Devonport pharmacy 16/08/21,"33 Victoria Road, Devonport, Auckland 0624",Auckland,"16/08/2021, 2:15 pm","16/08/2021, 2:30 pm","Stay at home, test immediately and on or around day 5 after last exposure and continue to stay at home until you receive a negative day 5 test result. Call Healthline for what to do next.",17-Aug,,174.79719,-36.831074,22-Aug
,,a0l4a0000004FZk,Domino's Birkenhead 17/08/2021,"Unit A/174 Mokoia Rd, Birkenhead, Auckland 0626",Auckland,"17/08/2021, 5:30 pm","17/08/2021, 5:40 pm","Isolate at home for 14 days from date of last exposure. Test immediately, and on days 5 & 12 after last exposure. Call Healthline for what to do next.",22-Aug,,174.715,-36.8114,22-Aug
,,a0l4a0000004F3y,Domino's Pizza Beach Haven 13/08/21,"104 Beach Haven Road, Beach Haven, Auckland 0626",Auckland,"13/08/2021, 7:45 pm","13/08/2021, 8:00 pm","Isolate at home for 14 days from date of last exposure. Test immediately, and on days 5 & 12 after last exposure. Call Healthline for what to do next.",19-Aug,,174.687561,-36.791364,22-Aug
,,a0l4a0000004FZW,Dress Smart Onehunga 16/08/2021,"151 Arthur Street, Onehunga, Auckland 1061",Auckland,"16/08/2021, 12:30 pm","16/08/2021, 1:30 pm","Isolate at home for 14 days from date of last exposure. Test immediately, and on days 5 & 12 after last exposure. Call Healthline for what to do next.",19-Aug,,174.786318,-36.920777,22-Aug
,,a0l4a0000004Fa4,Dress Smart Onehunga 17/08/2021,"151 Arthur Street, Onehunga, Auckland 1061",Auckland,"17/08/2021, 12:30 pm","17/08/2021, 1:30 pm","Isolate at home for 14 days from date of last exposure. Test immediately, and on days 5 & 12 after last exposure. Call Healthline for what to do next.",19-Aug,,174.786318,-36.920777,22-Aug
,,a0l4a0000004ERa,Driving Creek Railway Tours Coromandel 14/08/21,"380 Driving Creek Road, Coromandel 3506",Coromandel,"14/08/2021, 10:30 am","14/08/2021, 10:50 am","Isolate at home for 14 days from date of last exposure. Test immediately, and on days 5 & 12 after last exposure. Call Healthline for what to do next.",17-Aug,,175.50335,-36.737118,22-Aug
,,a0l4a0000004ERu,Driving Creek Railway Tours Coromandel 14/08/21,"380 Driving Creek Road, Coromandel 3506",Coromandel,"14/08/2021, 11:20 am","14/08/2021, 1:00 pm","Isolate at home for 14 days from date of last exposure. Test immediately, and on days 5 & 12 after last exposure. Call Healthline for what to do next.",18-Aug,,175.50335,-36.737118,22-Aug
,,a0l4a0000004EuX,Elliot stables Auckland CBD 15/08/2021,"1/41 Elliott Street, Auckland Central, Auckland 1010",Auckland,"15/08/2021, 12:10 pm","15/08/2021, 1:30 pm","Isolate at home for 14 days from date of last exposure. Test immediately, and on days 5 & 12 after last exposure. Call Healthline for what to do next.",22-Aug,,174.763594,-36.850222,22-Aug
,,a0l4a0000004EhO,Event Cinemas Queen Street Auckland 10/08/2021,"1/291 Queen Street, Auckland Central, Auckland 1010",Auckland,"10/08/2021, 1:30 pm","10/08/2021, 4:00 pm","Isolate at home for 14 days from date of last exposure. Test immediately, and on days 5 & 12 after last exposure. Call Healthline for what to do next.",18-Aug,,174.763851,-36.851528,22-Aug
,,a0l4a0000004EvG,Event Cinemas Queen Street Auckland 11/08/2021,"Level 3/291-297 Queen Street, Auckland Central, Auckland 1010",Auckland,"11/08/2021, 12:00 pm","11/08/2021, 2:00 pm","Isolate at home for 14 days from date of last exposure. Test immediately, and on days 5 & 12 after last exposure. Call Healthline for what to do next.",18-Aug,,174.763851,-36.851528,22-Aug
,,a0l4a0000004G4c,F45 Training Papatoetoe 13/8/2021,"2/129 Great South Road, Papatoetoe, Auckland 2025",Auckland,"13/08/2021, 5:00 am","13/08/2021, 6:30 am","Isolate at home for 14 days from date of last exposure. Test immediately, and on days 5 & 12 after last exposure. Call Healthline for what to do next.",22-Aug,,174.859629,-36.968729,22-Aug
,,a0l4a0000004FzN,Flight NZ 445 Auckland to Wellington 15/08/21,NA,NA,"15/08/2021, 5:00 pm","15/08/2021, 6:00 pm","Isolate at home for 14 days from date of last exposure. Test immediately, and on days 5 & 12 after last exposure. Call Healthline for what to do next.",20-Aug,,NA,NA,22-Aug
,,a0l4a0000004GO8,Flight NZ443 Auckland to Wellington 19/08/21,NA,NA,"19/08/2021, 4:30 pm","19/08/2021, 5:30 pm","Isolate at home for 14 days from date of last exposure. Test immediately, and on days 5 & 12 after last exposure. Call Healthline for what to do next.",21-Aug,,NA,NA,22-Aug
,,a0l4a0000004F4S,Foodcourt Westfield Albany 13/08/21,"219 Don McKinnon Drive, Albany, Auckland 0632",Auckland,"13/08/2021, 5:45 pm","13/08/2021, 6:15 pm","Isolate at home for 14 days from date of last exposure. Test immediately, and on days 5 & 12 after last exposure. Call Healthline for what to do next.",19-Aug,,174.705609,-36.726809,22-Aug
,,a0l4a0000004GEN,Gangnam Style Korean BBQ Buffet Manakau Auckland 14/8/21,"726 Great South Road, Manukau, Auckland 2104",Auckland,"14/08/2021, 7:15 pm","14/08/2021, 8:45 pm","Isolate at home for 14 days from date of last exposure. Test immediately, and on days 5 & 12 after last exposure. Call Healthline for what to do next.",22-Aug,,174.885927,-36.993229,22-Aug
,,a0l4a0000004Fq1,Giga Net Cafe 15/08/2021,"L2 65 Wakefield St, Auckland CBD, Auckland 1010",Auckland,"15/08/2021, 2:00 pm","15/08/2021, 4:00 pm","Isolate at home for 14 days from date of last exposure. Test immediately, and on days 5 & 12 after last exposure. Call Healthline for what to do next.",20-Aug,,174.7653,-36.8546,22-Aug
,,a0l4a0000004Efw,Glasscorp Limited Albany 12/08/2021,"124 Bush Road, Rosedale, Auckland 0632",Auckland,"12/08/2021, 12:30 pm","12/08/2021, 1:00 pm","Isolate at home for 14 days from date of last exposure. Test immediately, and on days 5 & 12 after last exposure. Call Healthline for what to do next.",18-Aug,,174.70449,-36.743662,22-Aug
,,a0l4a0000004Epm,Glenfield Mall / Katsubi Japanese 15/08/2021,"Glenfield Road & Downing Street, Glenfield, Auckland 0629",Auckland,"15/08/2021, 1:00 pm","15/08/2021, 2:00 pm","Isolate at home for 14 days from date of last exposure. Test immediately, and on days 5 & 12 after last exposure. Call Healthline for what to do next.",18-Aug,,174.7215,-36.7817,22-Aug
,,a0l4a0000004FXA,GMANA Cars & Wholesales Autos ?t?huhu 14/08/2021,"28 Atkinson Avenue, ?t?huhu, Auckland 1062",Auckland,"14/08/2021, 3:30 pm","14/08/2021, 5:30 pm","Isolate at home for 14 days from date of last exposure. Test immediately, and on days 5 & 12 after last exposure. Call Healthline for what to do next.",19-Aug,,174.844004,-36.941012,22-Aug
,,a0l4a0000004Evl,Gongcha Bubble Tea Auckland CBD 10/08/2021,"164 Queen Street, Auckland Central, Auckland 1010",Auckland,"10/08/2021, 1:45 pm","10/08/2021, 1:55 pm","Isolate at home for 14 days from date of last exposure. Test immediately, and on days 5 & 12 after last exposure. Call Healthline for what to do next.",22-Aug,,174.765849,-36.847924,22-Aug
,,a0l4a0000004Emx,Green Bay Takeaways Green Bay 16/08/2021,"56B Godley Road, Green Bay, Auckland 0604",Auckland,"16/08/2021, 4:00 pm","16/08/2021, 4:15 pm","Isolate at home for 14 days from date of last exposure. Test immediately, and on days 5 & 12 after last exposure. Call Healthline for what to do next.",18-Aug,,174.680132,-36.930594,22-Aug
,,a0l4a0000004EPK,Hereford n A Pickle Coromandel 14/08/21,"2318 Colville Road, RD 4, Coromandel 3584",Coromandel,"14/08/2021, 1:25 pm","14/08/2021, 2:15 pm","Isolate at home for 14 days from date of last exposure. Test immediately, and on days 5 & 12 after last exposure. Call Healthline for what to do next.",17-Aug,,175.476413,-36.633733,22-Aug
,,a0l4a0000004F5Q,Hirepool Equipment Hire Manukau 13/08/21,"301 Puhinui Road, Papatoetoe, Auckland 2025",Auckland,"13/08/2021, 8:30 am","13/08/2021, 8:45 am","Isolate at home for 14 days from date of last exposure. Test immediately, and on days 5 & 12 after last exposure. Call Healthline for what to do next.",19-Aug,,174.845963,-36.992263,22-Aug
,,a0l4a0000004F5f,Hoyts Cinemas Wairau Park 12/08/21,"15 Link Drive, Wairau Valley, Auckland 0627",Auckland,"12/08/2021, 6:00 pm","12/08/2021, 8:30 pm","Isolate at home for 14 days from date of last exposure. Test immediately, and on days 5 & 12 after last exposure. Call Healthline for what to do next.",19-Aug,,174.738534,-36.76562,22-Aug
,,a0l4a0000004EyP,HYPE DC Albany Mall 13/08/21,"Shop 254/219 Don McKinnon Drive, Albany, Auckland 0632",Auckland,"13/08/2021, 5:22 pm","13/08/2021, 5:29 pm","Isolate at home for 14 days from date of last exposure. Test immediately, and on days 5 & 12 after last exposure. Call Healthline for what to do next.",22-Aug,,174.7081,-36.7286,22-Aug
,,a0l4a0000004FBd,Icco Sake Bar Auckland 11/08/2021,"601 New North Road, Morningside, Auckland 1021",Auckland,"11/08/2021, 11:30 am","11/08/2021, 1:00 pm","Isolate at home for 14 days from date of last exposure. Test immediately, and on days 5 & 12 after last exposure. Call Healthline for what to do next.",19-Aug,,174.736975,-36.873569,22-Aug
,,a0l4a0000004F7M,J. A. Russell Ltd Mt Wellington 10/08/21,"Unit D/68 Carbine Road, Mount Wellington, Auckland 1062",Auckland,"10/08/2021, 10:30 am","10/08/2021, 10:51 am","Isolate at home for 14 days from date of last exposure. Test immediately, and on days 5 & 12 after last exposure. Call Healthline for what to do next.",22-Aug,,174.847,-36.9163,22-Aug
,,a0l4a0000004EPA,Jaks Cafe & Bar Coromandel 14/08/21,"104 Kapanga Road, Coromandel 3506",Coromandel,"14/08/2021, 10:50 am","14/08/2021, 11:30 am","Isolate at home for 14 days from date of last exposure. Test immediately, and on days 5 & 12 after last exposure. Call Healthline for what to do next.",17-Aug,,175.498072,-36.759307,22-Aug
,,a0l4a0000004F4h,JB HiFi Westfield Albany 13/08/21,"219 Don McKinnon Drive, Albany, Auckland 0632",Auckland,"13/08/2021, 5:15 pm","13/08/2021, 5:30 pm","Isolate at home for 14 days from date of last exposure. Test immediately, and on days 5 & 12 after last exposure. Call Healthline for what to do next.",19-Aug,,174.705609,-36.726809,22-Aug
,,a0l4a0000004GC7,Johnsonville Medical Centre Pharmacy Wellington 18/08/21,"2 Trafalgar Street, Johnsonville, Wellington 6037",Wellington,"18/08/2021, 4:15 pm","18/08/2021, 4:45 pm","Staff isolate 14 days from last exposure. Test immediately, and on days 5 & 12 after last exposure. Call Healthline. Customers isolate, test immediately and on day 5 after last exposure and continue to isolate until a negative day 5 test. Call Healthline.",20-Aug,,174.806133,-41.221795,22-Aug
,,a0l4a0000004GD0,Katsubi West City  13/08/2021,"7 Catherine Street, Henderson, Auckland 0612",Auckland,"13/08/2021, 5:30 pm","13/08/2021, 5:45 pm","Isolate at home for 14 days from date of last exposure. Test immediately, and on days 5 & 12 after last exposure. Call Healthline for what to do next.",22-Aug,,174.63269,-36.882252,22-Aug
,,a0l4a0000004F9m,KFC Botany Downs 17/08/2021,"452 Ti Rakau Drive, Botany Downs, Auckland 2013",Auckland,"17/08/2021, 10:30 am","17/08/2021, 10:40 am","Isolate at home for 14 days from date of last exposure. Test immediately, and on days 5 & 12 after last exposure. Call Healthline for what to do next.",22-Aug,,174.9078,-36.9295,22-Aug
,,a0l4a0000004F3Z,KFC Takapuna 15/08/21,"1 Taharoto Road, Takapuna, Auckland 0622",Auckland,"15/08/2021, 5:50 pm","15/08/2021, 6:30 pm","Isolate at home for 14 days from date of last exposure. Test immediately, and on days 5 & 12 after last exposure. Call Healthline for what to do next.",19-Aug,,174.761757,-36.789622,22-Aug
,,a0l4a0000004F4D,KMart Westfield Albany 13/08/21,"219 Don McKinnon Drive, Albany, Auckland 0632",Auckland,"13/08/2021, 5:30 pm","13/08/2021, 5:45 pm","Isolate at home for 14 days from date of last exposure. Test immediately, and on days 5 & 12 after last exposure. Call Healthline for what to do next.",19-Aug,,174.705609,-36.726809,22-Aug
,,a0l4a0000004EqG,Latin Market near La Pachamama 15/08/2021,"Near 179a Archers Road, Glenfield, Auckland 0629",Auckland,"15/08/2021, 12:30 pm","15/08/2021, 12:45 pm","Isolate at home for 14 days from date of last exposure. Test immediately, and on days 5 & 12 after last exposure. Call Healthline for what to do next.",18-Aug,,174.7384,-36.7808,22-Aug
,,a0l4a0000004Eto,Laundromatic Chartwell 15/08/2021,"27 Chartwell Avenue, Glenfield, Auckland 0629",Auckland,"15/08/2021, 5:25 pm","15/08/2021, 6:29 pm","Isolate at home for 14 days from date of last exposure. Test immediately, and on days 5 & 12 after last exposure. Call Healthline for what to do next.",22-Aug,,174.731682,-36.783317,22-Aug
,,a0l4a0000004FRq,Laundrycoin Laundromat Takanini 14/08/2021,"108 Great South Road, Takanini, Auckland 2112",Auckland,"14/08/2021, 9:00 am","14/08/2021, 4:00 pm","Isolate at home for 14 days from date of last exposure. Test immediately, and on days 5 & 12 after last exposure. Call Healthline for what to do next.",22-Aug,,174.914768,-37.039598,22-Aug
,,a0l4a0000004Esb,Liquor King Ponsonby 13/08/2021,"254 Ponsonby Road, Ponsonby, Auckland 1011",Auckland,"13/08/2021, 8:15 pm","13/08/2021, 8:45 pm","Isolate at home for 14 days from date of last exposure. Test immediately, and on days 5 & 12 after last exposure. Call Healthline for what to do next.",18-Aug,,174.7444,-36.850994,22-Aug
,,a0l4a0000004F0B,Liquor King Ponsonby 13/08/2021,"254 Ponsonby Road, Ponsonby, Auckland 1011",Auckland,"13/08/2021, 6:15 pm","13/08/2021, 6:30 pm","Isolate at home for 14 days from date of last exposure. Test immediately, and on days 5 & 12 after last exposure. Call Healthline for what to do next.",18-Aug,,174.7444,-36.850994,22-Aug
,,a0l4a0000004Etj,Lumino - Glenfield Dental Centre  17/08/21,"418 Glenfield Road, Glenfield, Auckland 0629",Auckland,"17/08/2021, 2:50 pm","17/08/2021, 6:00 pm","Isolate at home for 14 days from date of last exposure. Test immediately, and on days 5 & 12 after last exposure. Call Healthline for what to do next.",21-Aug,,174.721068,-36.783383,22-Aug
,,a0l4a0000004FJc,Lynfield College Mount Roskill 16/08/21,"191 White Swan Road, Mount Roskill, Auckland 1041",Auckland,"16/08/2021, 8:45 am","16/08/2021, 3:00 pm","Isolate at home for 14 days from date of last exposure. Test immediately, and on days 5 & 12 after last exposure. Call Healthline for what to do next.",21-Aug,,174.715163,-36.921541,22-Aug
,,a0l4a0000004FKf,Lynfield College Mount Roskill 17/8/21,"191 White Swan Road, Mount Roskill, Auckland 1041",Auckland,"17/08/2021, 8:45 am","17/08/2021, 3:00 pm","Isolate at home for 14 days from date of last exposure. Test immediately, and on days 5 & 12 after last exposure. Call Healthline for what to do next.",22-Aug,,174.715163,-36.921541,22-Aug
,,a0l4a0000004EpN,Mamak Malaysian Restaurant 17/08/2021,"50 Kitchener Street, Auckland Central, Auckland 1010",Auckland,"17/08/2021, 1:15 pm","17/08/2021, 1:30 pm","Isolate at home for 14 days from date of last exposure. Test immediately, and on days 5 & 12 after last exposure. Call Healthline for what to do next.",18-Aug,,174.767669,-36.848316,22-Aug
,,a0l4a0000004GE3,Manakau Super Strike Bowling Auckland 14/8/21,"573 Great South Road, Manukau, Auckland 2104",Auckland,"14/08/2021, 2:00 pm","14/08/2021, 4:30 pm","Isolate at home for 14 days from date of last exposure. Test immediately, and on days 5 & 12 after last exposure. Call Healthline for what to do next.",21-Aug,,174.877978,-36.98277,22-Aug
,,a0l4a0000004Fcj,Manukau Memorial Gardens Manukau 15/08/2021,"361 Puhinui Road, Wiri, Auckland 2025",Auckland,"15/08/2021, 1:30 pm","15/08/2021, 2:30 pm","Isolate at home for 14 days from date of last exposure. Test immediately, and on days 5 & 12 after last exposure. Call Healthline for what to do next.",19-Aug,,174.837279,-36.995269,22-Aug
,,a0l4a0000004Ez3,Matsu Sushi Bar Westfield Albany Mall 13/08/2021,"219 Don McKinnon Drive, Albany, Auckland 0632",Auckland,"13/08/2021, 5:45 pm","13/08/2021, 5:50 pm","Isolate at home for 14 days from date of last exposure. Test immediately, and on days 5 & 12 after last exposure. Call Healthline for what to do next.",22-Aug,,174.7056,-36.7268,22-Aug
,,a0l4a0000004GLs,McAuley High School ?t?huhu,"81 Gray Avenue, M?ngere East, Auckland 2024",Auckland,"17/08/2021, 8:15 am","17/08/2021, 3:45 pm","Isolate at home for 14 days from date of last exposure. Test immediately, and on days 5 & 12 after last exposure. Call Healthline for what to do next.",22-Aug,,174.8375,-36.9658,22-Aug
,,a0l4a0000004GFB,McDonalds Auckland Airport 15/8/2021,"12 Leonard Isitt Drive, Auckland Airport, Auckland 2022",Auckland,"15/08/2021, 8:00 pm","15/08/2021, 11:30 pm","Isolate at home for 14 days from date of last exposure. Test immediately, and on days 5 & 12 after last exposure. Call Healthline for what to do next.",20-Aug,,174.790819,-37.000773,22-Aug
,,a0l4a0000004Erd,McDonalds Glenfield 14/08/2021,"Cnr Glenfield &, Kaipatiki Road,, Glenfield, Auckland 0629",Auckland,"14/08/2021, 1:00 am","14/08/2021, 1:15 am","Isolate at home for 14 days from date of last exposure. Test immediately, and on days 5 & 12 after last exposure. Call Healthline for what to do next.",18-Aug,,174.721,-36.7821,22-Aug
,,a0l4a0000004FZV,McDonald's Glenfield 15/08/2021,"Cnr Glenfield & Kaipatiki Rd, Glenfield, Auckland 0629",Auckland,"15/08/2021, 11:15 am","15/08/2021, 11:45 am","Isolate at home for 14 days from date of last exposure. Test immediately, and on days 5 & 12 after last exposure. Call Healthline for what to do next.",19-Aug,,174.7206,-36.7813,22-Aug
,,a0l4a0000004F98,McDonalds New Lynn 14/08/21,"1 Memorial Drive, New Lynn, Auckland 0600",Auckland,"14/08/2021, 11:00 pm","15/08/2021, 7:15 am","Isolate at home for 14 days from date of last exposure. Test immediately, and on days 5 & 12 after last exposure. Call Healthline for what to do next.",22-Aug,,174.68357,-36.908262,22-Aug
,,a0l4a0000004EuS,McDonald's Stoddard Road Wesley 13/08/2021,"22 Stoddard Road, Wesley, Auckland 1041",Auckland,"13/08/2021, 10:00 pm","13/08/2021, 10:30 pm","Isolate at home for 14 days from date of last exposure. Test immediately, and on days 5 & 12 after last exposure. Call Healthline for what to do next.",18-Aug,,174.733646,-36.90733,22-Aug
,,a0l4a0000004GCq,McDonald's West City 13/08/2021,"7 Catherine Street, Henderson, Auckland 0612",Auckland,"13/08/2021, 5:30 pm","13/08/2021, 5:45 pm","Isolate at home for 14 days from date of last exposure. Test immediately, and on days 5 & 12 after last exposure. Call Healthline for what to do next.",22-Aug,,174.63269,-36.882252,22-Aug
,,a0l4a0000004F4T,Mitre 10 Mega Glenfield 13/08/21,"15 Poland Road, Wairau Valley, Auckland 0627",Auckland,"13/08/2021, 3:15 pm","13/08/2021, 3:45 pm","Isolate at home for 14 days from date of last exposure. Test immediately, and on days 5 & 12 after last exposure. Call Healthline for what to do next.",19-Aug,,174.740841,-36.776641,22-Aug
,,a0l4a0000004FKV,Mobil Don Buck Auckland 14/08/2021,"Don Buck and Triangle Road, Massey, Auckland 0614",Auckland,"14/08/2021, 10:15 pm","14/08/2021, 10:20 pm","Isolate at home for 14 days from date of last exposure. Test immediately, and on days 5 & 12 after last exposure. Call Healthline for what to do next.",22-Aug,,174.6031,-36.835,22-Aug
,,a0l4a0000004F3e,Movie Monterey Takapuna 15/08/21,"32 Anzac Street, Takapuna, Auckland 0622",Auckland,"15/08/2021, 3:36 pm","15/08/2021, 5:45 pm","Isolate at home for 14 days from date of last exposure. Test immediately, and on days 5 & 12 after last exposure. Call Healthline for what to do next.",19-Aug,,174.771924,-36.786505,22-Aug
,,a0l4a0000004FWl,New World Birkenhead 14/08/2021,"180 Mokoia Road, Chatswood, Auckland 0626",Auckland,"14/08/2021, 8:00 am","14/08/2021, 2:30 pm","Isolate at home for 14 days from date of last exposure. Test immediately, and on days 5 & 12 after last exposure. Call Healthline for what to do next.",19-Aug,,174.711557,-36.811001,22-Aug
,,a0l4a0000004FJS,New World Green Bay 17/08/2021,"64 Godley Road, Green Bay, Auckland 0604",Auckland,"17/08/2021, 7:00 pm","17/08/2021, 8:00 pm","Isolate at home for 14 days from date of last exposure. Test immediately, and on days 5 & 12 after last exposure. Call Healthline for what to do next.",19-Aug,,174.67919,-36.93074,22-Aug
,,a0l4a0000004FKQ,New World Mt Roskill 16/8/21,"53 May Road, Mt Roskill, Auckland 1041",Auckland,"16/08/2021, 7:00 pm","16/08/2021, 7:20 pm","Isolate at home for 14 days from date of last exposure. Test immediately, and on days 5 & 12 after last exposure. Call Healthline for what to do next.",22-Aug,,174.735,-36.9087,22-Aug
,,a0l4a0000004FWM,Northcote College Auckland 16/08/2021,"1 Kauri Glen Rd, Northcote, Auckland 0627",Auckland,"16/08/2021, 9:00 am","16/08/2021, 3:30 pm","Isolate at home for 14 days from date of last exposure. Test immediately, and on days 5 & 12 after last exposure. Call Healthline for what to do next.",22-Aug,,174.7348,-36.8081,22-Aug
,,a0l4a0000004F4X,Novi Lunch Bar 12/08/21,"25 Bowden Road, Mount Wellington, Auckland 1060",Auckland,"12/08/2021, 1:45 pm","12/08/2021, 2:00 pm","Isolate at home for 14 days from date of last exposure. Test immediately, and on days 5 & 12 after last exposure. Call Healthline for what to do next.",19-Aug,,174.850726,-36.917107,22-Aug
,,a0l4a0000004F8P,One Stop Mechanical Mt Wellington 09/08/21,"15 Kalmia Street corner of, Sultan Street, Ellerslie, Auckland 1051",Auckland,"9/08/2021, 8:00 am","9/08/2021, 8:30 am","Isolate at home for 14 days from date of last exposure. Test immediately, and on days 5 & 12 after last exposure. Call Healthline for what to do next.",19-Aug,,174.8074,-36.8981,22-Aug
,,a0l4a0000004GBJ,One Sushi Porirua 17/08/21,"10 Serlby Place, Porirua City Centre, Porirua 5022",Porirua,"17/08/2021, 6:15 pm","17/08/2021, 6:30 pm","Staff isolate 14 days from last exposure. Test immediately, and on days 5 & 12 after last exposure, and call Healthline. Customers self-monitor symptoms for 14 days. If symptomatic, test and stay home until a negative test result.",20-Aug,,174.840734,-41.134803,22-Aug
,,a0l4a0000004G7W,"Owens Foyer, level 2 in Aotea Centre Auckland CBD 13/8/2021","50 Mayoral Drive, Auckland Central, Auckland 1010",Auckland,"13/08/2021, 12:15 pm","13/08/2021, 12:30 pm","Isolate at home for 14 days from date of last exposure. Test immediately, and on days 5 & 12 after last exposure. Call Healthline for what to do next.",20-Aug,,174.761584,-36.85182,22-Aug
,,a0l4a0000004GXt,Pak N Save Kilbirnie 18/08/2021,"78 Rongotai Road, Kilbirnie, Wellington 6022",Wellington,"18/08/2021, 7:25 am","18/08/2021, 7:40 am","Stay at home, test immediately and on or around day 5 after last exposure and continue to stay at home until you receive a negative day 5 test result. Call Healthline for what to do next.",22-Aug,,174.796482,-41.31835,22-Aug
,,a0l4a0000004GUk,Pak N Save Kilbirnie 19/08/2021,"78 Rongotai Road, Kilbirnie, Wellington 6022",Wellington,"19/08/2021, 12:10 pm","19/08/2021, 12:25 pm","Stay at home, test immediately and on or around day 5 after last exposure and continue to stay at home until you receive a negative day 5 test result. Call Healthline for what to do next.",22-Aug,,174.796482,-41.31835,22-Aug
,,a0l4a0000004EqQ,Pak n Save Wairau 15/08/2021,"30-60 Wairau Road, Glenfield, Auckland 0627",Auckland,"15/08/2021, 11:00 am","15/08/2021, 12:00 pm","Isolate at home for 14 days from date of last exposure. Test immediately, and on days 5 & 12 after last exposure. Call Healthline for what to do next.",18-Aug,,174.7443,-36.7778,22-Aug
,,a0l4a0000004EsM,Pak n Save Wairau Road 14/08/2021,"30 Wairau Road, Wairau Valley, Auckland 0627",Auckland,"14/08/2021, 3:20 pm","14/08/2021, 3:51 pm","Isolate at home for 14 days from date of last exposure. Test immediately, and on days 5 & 12 after last exposure. Call Healthline for what to do next.",22-Aug,,174.74397,-36.77882,22-Aug
,,a0l4a0000004G3y,Palsun Korean Restaurant 13/8/2021,"57 Lorne Street, Auckland Central, Auckland 1010",Auckland,"13/08/2021, 12:30 pm","13/08/2021, 1:30 pm","Isolate at home for 14 days from date of last exposure. Test immediately, and on days 5 & 12 after last exposure. Call Healthline for what to do next.",22-Aug,,174.764778,-36.851933,22-Aug
,,a0l4a0000004F5a,Pascoes Glenfield Mall 14/8/21,"Glenfield Rd, Glenfield, Auckland 0629",Auckland,"14/08/2021, 11:30 am","14/08/2021, 11:45 am","Isolate at home for 14 days from date of last exposure. Test immediately, and on days 5 & 12 after last exposure. Call Healthline for what to do next.",19-Aug,,174.7222,-36.782,22-Aug
,,a0l4a0000004En7,Passion Bakery Birkdale 16/08/2021,"34 Birkdale Road, Birkdale, Auckland 0626",Auckland,"16/08/2021, 12:45 pm","16/08/2021, 1:15 pm","Isolate at home for 14 days from date of last exposure. Test immediately, and on days 5 & 12 after last exposure. Call Healthline for what to do next.",18-Aug,,174.704483,-36.805899,22-Aug
,,a0l4a0000004F8U,Passion Bakery Birkdale 17/08/21,"34 Birkdale Road, Birkdale, Auckland 0626",Auckland,"17/08/2021, 8:30 am","17/08/2021, 9:45 am","Isolate at home for 14 days from date of last exposure. Test immediately, and on days 5 & 12 after last exposure. Call Healthline for what to do next.",19-Aug,,174.704483,-36.805899,22-Aug
,,a0l4a0000004EiC,Pizza Hut Birkenhead 15/08/2021,"3/75 Mokoia Road, Birkenhead, Auckland 0626",Auckland,"15/08/2021, 1:00 pm","15/08/2021, 2:00 pm","Isolate at home for 14 days from date of last exposure. Test immediately, and on days 5 & 12 after last exposure. Call Healthline for what to do next.",22-Aug,,174.724132,-36.811758,22-Aug
,,a0l4a0000004FZ1,PlaceMakers New Lynn 17/08/21,"17 Clark Street, New Lynn, Auckland 0600",Auckland,"17/08/2021, 9:00 am","17/08/2021, 9:40 am","Isolate at home for 14 days from date of last exposure. Test immediately, and on days 5 & 12 after last exposure. Call Healthline for what to do next.",22-Aug,,174.688104,-36.910375,22-Aug
,,a0l4a0000004FVs,Playground Te Atat? Peninsula 11/08/2021,"591 Te Atat? Road, Te Atat? Peninsula, Auckland 0610",Auckland,"11/08/2021, 3:30 pm","11/08/2021, 4:30 pm","Isolate at home for 14 days from date of last exposure. Test immediately, and on days 5 & 12 after last exposure. Call Healthline for what to do next.",19-Aug,,174.651907,-36.842291,22-Aug
,,a0l4a0000004FcP,Popking Kids Indoor Playground Mount Albert 12/08/2021,"2 Wagener Place, Mount Albert, Auckland 1025",Auckland,"12/08/2021, 12:00 pm","12/08/2021, 5:00 pm","Isolate at home for 14 days from date of last exposure. Test immediately, and on days 5 & 12 after last exposure. Call Healthline for what to do next.",19-Aug,,174.731403,-36.884804,22-Aug
,,a0l4a0000004F7l,Remuera Exchange Auckland 09/08/21,"2A Dilworth Avenue, Remuera, Auckland 1050",Auckland,"9/08/2021, 6:30 am","9/08/2021, 7:45 am","Isolate at home for 14 days from date of last exposure. Test immediately, and on days 5 & 12 after last exposure. Call Healthline for what to do next.",22-Aug,,174.785014,-36.875709,22-Aug
,,a0l4a0000004F3P,Remuera Exchange Auckland 16/08/21,"2A Dilworth Avenue, Remuera, Auckland 1050",Auckland,"16/08/2021, 6:40 am","16/08/2021, 7:17 am","Isolate at home for 14 days from date of last exposure. Test immediately, and on days 5 & 12 after last exposure. Call Healthline for what to do next.",22-Aug,,174.785014,-36.875709,22-Aug
,,a0l4a0000004EwE,Remuera Exchange Auckland 17/08/21,"2A Dilworth Avenue, Remuera, Auckland 1050",Auckland,"17/08/2021, 1:22 pm","17/08/2021, 1:37 pm","Isolate at home for 14 days from date of last exposure. Test immediately, and on days 5 & 12 after last exposure. Call Healthline for what to do next.",22-Aug,,174.784773,-36.875334,22-Aug
,,a0l4a0000004ESJ,Richardsons Real Estate Coromandel 14/08/21,"151 Kapanga Road, Coromandel 3506",Coromandel,"14/08/2021, 3:30 pm","14/08/2021, 3:35 pm","Isolate at home for 14 days from date of last exposure. Test immediately, and on days 5 & 12 after last exposure. Call Healthline for what to do next.",17-Aug,,175.498133,-36.758518,22-Aug
,,a0l4a0000004FXo,Roscommon Superette Manurewa 15/08/2021,"4/255 Browns Road, Manurewa, Auckland 2103",Auckland,"15/08/2021, 1:00 pm","15/08/2021, 1:30 pm","Isolate at home for 14 days from date of last exposure. Test immediately, and on days 5 & 12 after last exposure. Call Healthline for what to do next.",21-Aug,,174.8629,-37.0181,22-Aug
,,a0l4a0000004Fxg,"School bus, GO BUS Line S002C, to South Auckland Seventh Day Adventist or Aorere College or De La Salle College, morning run 13/08/21",Auckland,Auckland,"13/08/2021, 7:45 am","13/08/2021, 9:15 am","Isolate at home for 14 days from date of last exposure. Test immediately, and on days 5 & 12 after last exposure. Call Healthline for what to do next.",21-Aug,,NA,NA,22-Aug
,,a0l4a0000004FyP,"School bus, GO BUS Line S002C, to South Auckland Seventh Day Adventist or Aorere College or De La Salle College, morning run 17/08/21",Auckland,Auckland,"17/08/2021, 7:45 am","17/08/2021, 9:15 am","Isolate at home for 14 days from date of last exposure. Test immediately, and on days 5 & 12 after last exposure. Call Healthline for what to do next.",21-Aug,,NA,NA,22-Aug
,,a0l4a0000004Fyj,"School bus, Go Bus Line S003D, Royal Oak Intermediate School to Onehunga afternoon run 13/08/21",Auckland,Auckland,"13/08/2021, 3:00 pm","13/08/2021, 4:00 pm","Isolate at home for 14 days from date of last exposure. Test immediately, and on days 5 & 12 after last exposure. Call Healthline for what to do next.",21-Aug,,NA,NA,22-Aug
,,a0l4a0000004Fyo,"School bus, Go Bus Line S003D, Royal Oak Intermediate School to Onehunga afternoon run 16/08/21",Auckland,Auckland,"16/08/2021, 3:00 pm","16/08/2021, 4:00 pm","Isolate at home for 14 days from date of last exposure. Test immediately, and on days 5 & 12 after last exposure. Call Healthline for what to do next.",21-Aug,,NA,NA,22-Aug
,,a0l4a0000004Fyt,"School bus, Go Bus Line S003D, Royal Oak Intermediate School to Onehunga afternoon run 17/08/21",Auckland,Auckland,"17/08/2021, 3:00 pm","17/08/2021, 4:00 pm","Isolate at home for 14 days from date of last exposure. Test immediately, and on days 5 & 12 after last exposure. Call Healthline for what to do next.",21-Aug,,NA,NA,22-Aug
,,a0l4a0000004Emd,Sky City Casino Auckland 14/08/2021,"72 Victoria Street West, Auckland Central, Auckland 1010",Auckland,"14/08/2021, 1:17 am","14/08/2021, 3:08 am","Isolate at home for 14 days from date of last exposure. Test immediately, and on days 5 & 12 after last exposure. Call Healthline for what to do next.",22-Aug,,174.762288,-36.848363,22-Aug
,,a0l4a0000004GCb,Spark Arena Auckland CBD 12/08/21,"80 Mahuhu Crescent, Auckland Central, Auckland 1010",Auckland,"12/08/2021, 3:00 pm","13/08/2021, 12:00 am","Isolate at home for 14 days from date of last exposure. Test immediately, and on days 5 & 12 after last exposure. Call Healthline for what to do next.",21-Aug,,174.776115,-36.847508,22-Aug
,,a0l4a0000004FUB,Spark Arena Auckland CBD 13/08/21,"42-80 Mahuhu Crescent, Parnell, Auckland 1010",Auckland,"13/08/2021, 10:00 am","13/08/2021, 10:00 pm","Isolate at home for 14 days from date of last exposure. Test immediately, and on days 5 & 12 after last exposure. Call Healthline for what to do next.",22-Aug,,174.7796,-36.8482,22-Aug
,,a0l4a0000004FfT,St Honores Bakery 16/08/2021,"71 Mokoia Road, Birkenhead, Auckland 0626",Auckland,"16/08/2021, 8:20 am","16/08/2021, 8:25 am","Isolate at home for 14 days from date of last exposure. Test immediately, and on days 5 & 12 after last exposure. Call Healthline for what to do next.",22-Aug,,174.7237,-36.8119,22-Aug
,,a0l4a0000004EhE,St Pierre's Sushi Auckland CBD 10/08/2021,"G14/20 Elliott Street, Auckland Central, Auckland 1010",Auckland,"10/08/2021, 11:30 am","10/08/2021, 1:15 pm","Isolate at home for 14 days from date of last exposure. Test immediately, and on days 5 & 12 after last exposure. Call Healthline for what to do next.",22-Aug,,174.763929,-36.850179,22-Aug
,,a0l4a0000004Evu,St Pierre's Sushi Elliott Street Auckland CBD 11/08/2021,"20 Elliott Street, Auckland Central, Auckland 1010",Auckland,"11/08/2021, 11:30 am","11/08/2021, 12:00 pm","Isolate at home for 14 days from date of last exposure. Test immediately, and on days 5 & 12 after last exposure. Call Healthline for what to do next.",18-Aug,,174.763929,-36.850179,22-Aug
,,a0l4a0000004GBd,St Pierre's Sushi Johnsonville Shopping Centre Wellington 17/08/21,"Johnsonville Shopping Centre, 34 Johnsonville Road, Johnsonville, Wellington 6037",Wellington,"17/08/2021, 5:15 pm","17/08/2021, 5:30 pm","Staff isolate 14 days from last exposure. Test immediately, and on days 5 & 12 after last exposure, and call Healthline. Johnsonville Mall customers self-monitor symptoms for 14 days. If symptomatic, test and stay home until a negative test result.",20-Aug,,174.807087,-41.223818,22-Aug
,,a0l4a0000004EOW,Star and Garter Hotel Coromandel 13/08/21,"5 Kapanga Road, Coromandel 3506",Coromandel,"13/08/2021, 6:39 pm","13/08/2021, 7:40 pm","Isolate at home for 14 days from date of last exposure. Test immediately, and on days 5 & 12 after last exposure. Call Healthline for what to do next.",17-Aug,,175.497238,-36.760007,22-Aug
,,a0l4a0000004EPZ,Star and Garter Hotel Coromandel 14/08/21,"5 Kapanga Road, Coromandel 3506",Coromandel,"14/08/2021, 7:11 pm","14/08/2021, 9:00 pm","Isolate at home for 14 days from date of last exposure. Test immediately, and on days 5 & 12 after last exposure. Call Healthline for what to do next.",17-Aug,,175.497238,-36.760007,22-Aug
,,a0l4a0000004FXy,Stihl Shop Glen Eden 14/08/2021,"93 West Coast Road, Glen Eden, Auckland 0602",Auckland,"14/08/2021, 12:30 pm","14/08/2021, 1:00 pm","Isolate at home for 14 days from date of last exposure. Test immediately, and on days 5 & 12 after last exposure. Call Healthline for what to do next.",19-Aug,,174.655414,-36.911221,22-Aug
,,a0l4a0000004FWC,Stihl Shop Onehunga 14/08/21,"308 Church Street, Penrose, Auckland 1061",Auckland,"14/08/2021, 11:00 am","14/08/2021, 11:15 am","Isolate at home for 14 days from date of last exposure. Test immediately, and on days 5 & 12 after last exposure. Call Healthline for what to do next.",19-Aug,,174.80668,-36.920697,22-Aug
,,a0l4a0000004F51,Stirling Sports Westfield Albany  13/08/21,"219 Don McKinnon Drive, Albany, Auckland 0632",Auckland,"13/08/2021, 5:00 pm","13/08/2021, 5:15 pm","Isolate at home for 14 days from date of last exposure. Test immediately, and on days 5 & 12 after last exposure. Call Healthline for what to do next.",19-Aug,,174.705609,-36.726809,22-Aug
,,a0l4a0000004F69,Subway East Tamaki 12/08/21,"Cnr Springs Rd & Kerwyn Avenue, East Tamaki, Auckland 1125",Auckland,"12/08/2021, 1:45 pm","12/08/2021, 2:00 pm","Isolate at home for 14 days from date of last exposure. Test immediately, and on days 5 & 12 after last exposure. Call Healthline for what to do next.",19-Aug,,174.8922,-36.9488,22-Aug
,,a0l4a0000004Fe6,Sunday school Church of Christ NZ Mount Roskill 15/08/2021,"361 Mount Albert Road, Mount Roskill, Auckland 1041",Auckland,"15/08/2021, 2:30 pm","15/08/2021, 3:30 pm","Isolate at home for 14 days from date of last exposure. Test immediately, and on days 5 & 12 after last exposure. Call Healthline for what to do next.",20-Aug,,174.741252,-36.904487,22-Aug
,,a0l4a0000004Egk,Sweat Shop Brew Kitchen 13/08/2021,"7 Sale Street, Auckland Central, Auckland 1010",Auckland,"13/08/2021, 9:00 pm","14/08/2021, 12:00 am","Isolate at home for 14 days from date of last exposure. Test immediately, and on days 5 & 12 after last exposure. Call Healthline for what to do next.",18-Aug,,174.756878,-36.849065,22-Aug
,,a0l4a0000004ESi,Taras Beads Coromandel 14/08/21,"1/75 Kapanga Road, Coromandel 3506",Coromandel,"14/08/2021, 3:00 pm","14/08/2021, 3:10 pm","Isolate at home for 14 days from date of last exposure. Test immediately, and on days 5 & 12 after last exposure. Call Healthline for what to do next.",17-Aug,,175.497652,-36.759513,22-Aug
,,a0l4a0000004ET2,Taras Beads Coromandel 15/08/21,"1/75 Kapanga Road, Coromandel 3506",Coromandel,"15/08/2021, 10:00 am","15/08/2021, 10:05 am","Isolate at home for 14 days from date of last exposure. Test immediately, and on days 5 & 12 after last exposure. Call Healthline for what to do next.",17-Aug,,175.497652,-36.759513,22-Aug
,,a0l4a0000004FVx,Te Atat? Peninsula Community Centre and Library Te Atat? 11/08/2021,"595 Te Atat? Road, Te Atat? Peninsula, Auckland 0610",Auckland,"11/08/2021, 3:30 pm","11/08/2021, 3:45 pm","Isolate at home for 14 days from date of last exposure. Test immediately, and on days 5 & 12 after last exposure. Call Healthline for what to do next.",19-Aug,,174.651919,-36.841865,22-Aug
,,a0l4a0000004FRC,The Cosmetic Clinic West City Henderson 13/08/2021,"7 Catherine Street, Henderson, Auckland 0612",Auckland,"13/08/2021, 4:30 pm","13/08/2021, 5:30 pm","Isolate at home for 14 days from date of last exposure. Test immediately, and on days 5 & 12 after last exposure. Call Healthline for what to do next.",19-Aug,,174.6326,-36.8811,22-Aug
,,a0l4a0000004Er4,The Good Home Birkenhhead 14/08/2021,"83 Birkenhead Avenue, Birkenhead, Auckland 0626",Auckland,"14/08/2021, 6:30 pm","14/08/2021, 10:00 pm","Isolate at home for 14 days from date of last exposure. Test immediately, and on days 5 & 12 after last exposure. Call Healthline for what to do next.",18-Aug,,174.725852,-36.810556,22-Aug
,,a0l4a0000004Fax,The Local Doctors GP Practice ?tara 17/08/2021,"3 Watford Street, ?tara, Auckland 2023",Auckland,"17/08/2021, 4:21 pm","17/08/2021, 8:30 pm","Isolate at home for 14 days from date of last exposure. Test immediately, and on days 5 & 12 after last exposure. Call Healthline for what to do next.",20-Aug,,174.872911,-36.962111,22-Aug
,,a0l4a0000004F6J,The Lula Inn Auckland CBD 07/08/21,"149 Quay Street, Auckland Central, Auckland 1010",Auckland,"7/08/2021, 11:45 pm","8/08/2021, 12:30 am","Isolate at home for 14 days from date of last exposure. Test immediately, and on days 5 & 12 after last exposure. Call Healthline for what to do next.",22-Aug,,174.763232,-36.842188,22-Aug
,,a0l4a0000004EpS,The Pumphouse Theatre Takapuna 15/08/2021,"2A Manurere Avenue, Takapuna, Auckland 0622",Auckland,"15/08/2021, 3:30 pm","15/08/2021, 7:00 pm","Isolate at home for 14 days from date of last exposure. Test immediately, and on days 5 & 12 after last exposure. Call Healthline for what to do next.",22-Aug,,174.768334,-36.784597,22-Aug
,,a0l4a0000004GBn,The Roast Canteen Johnsonville Wellington 17/08/21,"5 Johnsonville Road, Johnsonville, Wellington 6037",Wellington,"17/08/2021, 5:30 pm","17/08/2021, 5:45 pm","Staff isolate 14 days from last exposure. Test immediately, and on days 5 & 12 after last exposure, and call Healthline. Customers self-monitor symptoms for 14 days. If symptomatic, test and stay home until a negative test result.",20-Aug,,174.807555,-41.222148,22-Aug
,,a0l4a0000004EhJ,The Warehouse Auckland CBD 10/08/2021,"21 Elliott Street, Auckland Central, Auckland 1010",Auckland,"10/08/2021, 1:15 pm","10/08/2021, 1:30 pm","Isolate at home for 14 days from date of last exposure. Test immediately, and on days 5 & 12 after last exposure. Call Healthline for what to do next.",18-Aug,,174.763803,-36.849789,22-Aug
,,a0l4a0000004F43,The Warehouse Glenfield Mall 14/08/21,"385 Glenfield Road, Glenfield, Auckland 0629",Auckland,"14/08/2021, 11:00 am","14/08/2021, 11:10 am","Isolate at home for 14 days from date of last exposure. Test immediately, and on days 5 & 12 after last exposure. Call Healthline for what to do next.",22-Aug,,174.7211,-36.7823,22-Aug
,,a0l4a0000004G5a,Train Britomart to Panmure 11/8/2021,Auckland,Auckland,"11/08/2021, 8:30 pm","11/08/2021, 9:00 pm","Isolate at home for 14 days from date of last exposure. Test immediately, and on days 5 & 12 after last exposure. Call Healthline for what to do next.",20-Aug,,NA,NA,22-Aug
,,a0l4a0000004G5k,Train Britomart to Panmure 12/8/2021,Auckland,Auckland,"12/08/2021, 9:00 pm","12/08/2021, 9:30 pm","Isolate at home for 14 days from date of last exposure. Test immediately, and on days 5 & 12 after last exposure. Call Healthline for what to do next.",20-Aug,,NA,NA,22-Aug
,,a0l4a0000004G5p,Train Britomart to Panmure 13/8/2021,Auckland,Auckland,"13/08/2021, 4:30 pm","13/08/2021, 4:50 pm","Isolate at home for 14 days from date of last exposure. Test immediately, and on days 5 & 12 after last exposure. Call Healthline for what to do next.",22-Aug,,NA,NA,22-Aug
,,a0l4a0000004FvB,Train Panmure to Britomart 11/8/2021,Auckland,Auckland,"11/08/2021, 8:30 am","11/08/2021, 9:00 am","Isolate at home for 14 days from date of last exposure. Test immediately, and on days 5 & 12 after last exposure. Call Healthline for what to do next.",22-Aug,,NA,NA,22-Aug
,,a0l4a0000004G5Q,Train Panmure to Britomart 13/8/2021,Auckland,Auckland,"13/08/2021, 7:30 am","13/08/2021, 7:50 am","Isolate at home for 14 days from date of last exposure. Test immediately, and on days 5 & 12 after last exposure. Call Healthline for what to do next.",22-Aug,,NA,NA,22-Aug
,,a0l4a0000004EOX,Umu Cafe Coromandel 13/08/21,"22 Wharf Road, Coromandel 3506",Coromandel,"13/08/2021, 7:40 pm","13/08/2021, 8:30 pm","Isolate at home for 14 days from date of last exposure. Test immediately, and on days 5 & 12 after last exposure. Call Healthline for what to do next.",17-Aug,,175.497078,-36.760098,22-Aug
,,a0l4a0000004ESY,Umu Cafe Coromandel 14/08/21,"22 Wharf Road, Coromandel 3506",Coromandel,"14/08/2021, 6:17 pm","14/08/2021, 7:11 pm","Isolate at home for 14 days from date of last exposure. Test immediately, and on days 5 & 12 after last exposure. Call Healthline for what to do next.",22-Aug,,175.497078,-36.760098,22-Aug
,,a0l4a0000004EUe,Umu Cafe Coromandel 15/08/21,"22 Wharf Road, Coromandel 3506",Coromandel,"15/08/2021, 10:14 am","15/08/2021, 11:10 am","Isolate at home for 14 days from date of last exposure. Test immediately, and on days 5 & 12 after last exposure. Call Healthline for what to do next.",17-Aug,,175.497078,-36.760098,22-Aug
,,a0l4a0000004G8K,Unichem M?ngere Medical Pharmacy 14/8/2021,"215 Massey Road, M?ngere East, Auckland 2024",Auckland,"14/08/2021, 10:00 am","14/08/2021, 10:10 am","Isolate at home for 14 days from date of last exposure. Test immediately, and on days 5 & 12 after last exposure. Call Healthline for what to do next.",22-Aug,,174.832676,-36.958899,22-Aug
,,a0l4a0000004Emi,Unichem Pharmacy Birkenhead 17/08/2021,"Birkenhead Avenue Shop 28, Highbury Shopping Centre, Birkenhead, Auckland 0626",Auckland,"17/08/2021, 9:15 am","17/08/2021, 9:30 am","Isolate at home for 14 days from date of last exposure. Test immediately, and on days 5 & 12 after last exposure. Call Healthline for what to do next.",18-Aug,,174.7263,-36.8107,22-Aug
,,a0l4a0000004Eg1,Unique Hardware Rosedale 12/08/2021,"1/16 Arrenway Drive, Rosedale, Auckland 0632",Auckland,"12/08/2021, 12:30 pm","12/08/2021, 1:00 pm","Isolate at home for 14 days from date of last exposure. Test immediately, and on days 5 & 12 after last exposure. Call Healthline for what to do next.",18-Aug,,174.721907,-36.742096,22-Aug
,,a0l4a0000004F8K,Unistrut Mt Wellington 09/08/21,"6 Arthur Brown Place, Mount Wellington, Auckland 1060",Auckland,"9/08/2021, 8:45 am","9/08/2021, 10:15 am","Isolate at home for 14 days from date of last exposure. Test immediately, and on days 5 & 12 after last exposure. Call Healthline for what to do next.",19-Aug,,174.844905,-36.916235,22-Aug
,,a0l4a0000004F7q,Unistrut Mt Wellington 10/08/21,"6 Arthur Brown Place, Mount Wellington, Auckland 1060",Auckland,"10/08/2021, 10:00 am","10/08/2021, 10:30 am","Isolate at home for 14 days from date of last exposure. Test immediately, and on days 5 & 12 after last exposure. Call Healthline for what to do next.",19-Aug,,174.844905,-36.916235,22-Aug
,,a0l4a0000004EnR,Warehouse New Lynn 16/08/2021,"7/13 Rata Street, New Lynn, Auckland 0600",Auckland,"16/08/2021, 7:45 am","16/08/2021, 8:15 am","Isolate at home for 14 days from date of last exposure. Test immediately, and on days 5 & 12 after last exposure. Call Healthline for what to do next.",18-Aug,,174.6784,-36.9077,22-Aug
,,a0l4a0000004FpX,Western Indoor Bowling Assn Inc New Lynn 17/08/2021,"38 Portage Road, New Lynn, Auckland 0600",Auckland,"17/08/2021, 11:00 am","17/08/2021, 3:00 pm","Isolate at home for 14 days from date of last exposure. Test immediately, and on days 5 & 12 after last exposure. Call Healthline for what to do next.",20-Aug,,174.6898,-36.9097,22-Aug
,,a0l4a0000004ElR,Westfield Mall Albany 13/08/2021,"219 Don McKinnon Drive, Albany, Auckland 0632",Auckland,"13/08/2021, 5:10 pm","13/08/2021, 6:30 pm","Isolate at home for 14 days from date of last exposure. Test immediately, and on days 5 & 12 after last exposure. Call Healthline for what to do next.",18-Aug,,174.705609,-36.726809,22-Aug
,,a0l4a0000004G6T,Won Sushi Donburi 12/8/2021,"290 Queen Street, Auckland Central, Auckland 1010",Auckland,"12/08/2021, 12:00 pm","12/08/2021, 1:00 pm","Isolate at home for 14 days from date of last exposure. Test immediately, and on days 5 & 12 after last exposure. Call Healthline for what to do next.",22-Aug,,174.764852,-36.850691,22-Aug
,,a0l4a0000004G2l,Won Sushi Donburi Auckland CBD 11/8/2021,"290 Queen Street, Auckland Central, Auckland 1010",Auckland,"11/08/2021, 12:00 pm","11/08/2021, 1:00 pm","Isolate at home for 14 days from date of last exposure. Test immediately, and on days 5 & 12 after last exposure. Call Healthline for what to do next.",20-Aug,,174.764852,-36.850691,22-Aug
,,a0l4a0000004EVc,Woodturners Cafe Thames 15/08/21,"State Highway 2, RD6, Mangatarata 3576",Mangatarata,"15/08/2021, 12:40 pm","15/08/2021, 1:25 pm","Isolate at home for 14 days from date of last exposure. Test immediately, and on days 5 & 12 after last exposure. Call Healthline for what to do next.",17-Aug,,175.381,-37.2902,22-Aug
,,a0l4a0000004F35,Z Harris Road Service Station East Tamaki 16/08/21,"142 Harris Road, East Tamaki, Auckland 2013",Auckland,"16/08/2021, 12:00 pm","16/08/2021, 12:10 pm","Isolate at home for 14 days from date of last exposure. Test immediately, and on days 5 & 12 after last exposure. Call Healthline for what to do next.",22-Aug,,174.896951,-36.929732,22-Aug
,,a0l4a0000004FXU,Z Service Station ?t?huhu 14/08/2021,"19 Princes Street, ?t?huhu, Auckland 1062",Auckland,"14/08/2021, 4:00 pm","14/08/2021, 4:30 pm","Isolate at home for 14 days from date of last exposure. Test immediately, and on days 5 & 12 after last exposure. Call Healthline for what to do next.",19-Aug,,174.8431,-36.9409,22-Aug
,,a0l4a0000004G7R,Zone bowling Botany 14/8/2021,"500A Ti Rakau Drive, Northpark, Auckland 2013",Auckland,"14/08/2021, 12:15 pm","14/08/2021, 12:30 pm","Isolate at home for 14 days from date of last exposure. Test immediately, and on days 5 & 12 after last exposure. Call Healthline for what to do next.",22-Aug,,174.914123,-36.928852,22-Aug
